"Fecha/Hora","Valor"
"2025-09-19T05:00:14","158.26"
"2025-09-19T05:00:29","158.26"
"2025-09-19T05:00:44","158.26"
"2025-09-19T05:00:59","158.26"
"2025-09-19T05:01:15","158.27"
"2025-09-19T05:01:30","158.24"
"2025-09-19T05:01:45","158.26"
"2025-09-19T05:02:00","158.24"
"2025-09-19T05:02:15","158.27"
"2025-09-19T05:02:30","158.26"
"2025-09-19T05:02:45","158.24"
"2025-09-19T05:03:01","158.26"
"2025-09-19T05:03:16","158.27"
"2025-09-19T05:03:31","158.27"
"2025-09-19T05:03:46","158.27"
"2025-09-19T05:04:01","158.27"
"2025-09-19T05:04:16","158.27"
"2025-09-19T05:04:31","158.26"
"2025-09-19T05:04:47","158.26"
"2025-09-19T05:05:02","158.26"
"2025-09-19T05:05:17","158.27"
"2025-09-19T05:05:32","158.27"
"2025-09-19T05:05:47","158.27"
"2025-09-19T05:06:02","158.27"
"2025-09-19T05:06:17","158.29"
"2025-09-19T05:06:33","158.27"
"2025-09-19T05:06:48","158.26"
"2025-09-19T05:07:03","158.29"
"2025-09-19T05:07:18","158.29"
"2025-09-19T05:07:33","158.31"
"2025-09-19T05:07:48","158.29"
"2025-09-19T05:08:03","158.27"
"2025-09-19T05:08:19","158.27"
"2025-09-19T05:08:34","158.31"
"2025-09-19T05:08:49","158.29"
"2025-09-19T05:09:04","158.27"
"2025-09-19T05:09:19","158.27"
"2025-09-19T05:09:34","158.29"
"2025-09-19T05:09:49","158.29"
"2025-09-19T05:10:05","158.27"
"2025-09-19T05:10:20","158.29"
"2025-09-19T05:10:35","158.31"
"2025-09-19T05:10:50","158.29"
"2025-09-19T05:11:05","158.29"
"2025-09-19T05:11:20","158.29"
"2025-09-19T05:11:35","158.29"
"2025-09-19T05:11:51","158.27"
"2025-09-19T05:12:06","158.26"
"2025-09-19T05:12:21","158.27"
"2025-09-19T05:12:36","158.27"
"2025-09-19T05:12:51","158.29"
"2025-09-19T05:13:06","158.27"
"2025-09-19T05:13:21","158.26"
"2025-09-19T05:13:37","158.27"
"2025-09-19T05:13:52","158.26"
"2025-09-19T05:14:07","158.27"
"2025-09-19T05:14:22","158.26"
"2025-09-19T05:14:37","158.26"
"2025-09-19T05:14:52","158.27"
"2025-09-19T05:15:07","158.24"
"2025-09-19T05:15:23","158.26"
"2025-09-19T05:15:38","158.26"
"2025-09-19T05:15:53","158.26"
"2025-09-19T05:16:08","158.26"
"2025-09-19T05:16:23","158.26"
"2025-09-19T05:16:38","158.26"
"2025-09-19T05:16:53","158.24"
"2025-09-19T05:17:09","158.24"
"2025-09-19T05:17:24","158.22"
"2025-09-19T05:17:39","158.24"
"2025-09-19T05:17:54","158.26"
"2025-09-19T05:18:09","158.24"
"2025-09-19T05:18:24","158.24"
"2025-09-19T05:18:39","158.26"
"2025-09-19T05:18:55","158.26"
"2025-09-19T05:19:10","158.24"
"2025-09-19T05:19:25","158.26"
"2025-09-19T05:19:40","158.26"
"2025-09-19T05:19:55","158.24"
"2025-09-19T05:20:10","158.27"
"2025-09-19T05:20:25","158.27"
"2025-09-19T05:20:41","158.24"
"2025-09-19T05:20:56","158.24"
"2025-09-19T05:21:11","158.27"
"2025-09-19T05:21:26","158.26"
"2025-09-19T05:21:41","158.26"
"2025-09-19T05:21:56","158.27"
"2025-09-19T05:22:11","158.27"
"2025-09-19T05:22:27","158.27"
"2025-09-19T05:22:42","158.27"
"2025-09-19T05:22:57","158.24"
"2025-09-19T05:23:12","158.26"
"2025-09-19T05:23:27","158.27"
"2025-09-19T05:23:42","158.26"
"2025-09-19T05:23:57","158.27"
"2025-09-19T05:24:13","158.27"
"2025-09-19T05:24:28","158.31"
"2025-09-19T05:24:43","158.29"
"2025-09-19T05:24:58","158.27"
"2025-09-19T05:25:13","158.27"
"2025-09-19T05:25:28","158.27"
"2025-09-19T05:25:43","158.27"
"2025-09-19T05:25:58","158.27"
"2025-09-19T05:26:14","158.29"
"2025-09-19T05:26:29","158.27"
"2025-09-19T05:26:44","158.27"
"2025-09-19T05:26:59","158.27"
"2025-09-19T05:27:14","158.27"
"2025-09-19T05:27:29","158.29"
"2025-09-19T05:27:45","158.27"
"2025-09-19T05:28:00","158.29"
"2025-09-19T05:28:15","158.29"
"2025-09-19T05:28:30","158.27"
"2025-09-19T05:28:45","158.27"
"2025-09-19T05:29:00","158.29"
"2025-09-19T05:29:15","158.29"
"2025-09-19T05:29:30","158.31"
"2025-09-19T05:29:46","158.33"
"2025-09-19T05:30:01","158.33"
"2025-09-19T05:30:16","158.31"
"2025-09-19T05:30:31","158.31"
"2025-09-19T05:30:46","158.33"
"2025-09-19T05:31:01","158.31"
"2025-09-19T05:31:16","158.31"
"2025-09-19T05:31:32","158.31"
"2025-09-19T05:31:47","158.33"
"2025-09-19T05:32:02","158.33"
"2025-09-19T05:32:17","158.29"
"2025-09-19T05:32:32","158.33"
"2025-09-19T05:32:47","158.31"
"2025-09-19T05:33:02","158.34"
"2025-09-19T05:33:18","158.33"
"2025-09-19T05:33:33","158.34"
"2025-09-19T05:33:48","158.34"
"2025-09-19T05:34:03","158.34"
"2025-09-19T05:34:18","158.34"
"2025-09-19T05:34:33","158.33"
"2025-09-19T05:34:48","158.33"
"2025-09-19T05:35:04","158.33"
"2025-09-19T05:35:19","158.34"
"2025-09-19T05:35:34","158.36"
"2025-09-19T05:35:49","158.34"
"2025-09-19T05:36:04","158.34"
"2025-09-19T05:36:19","158.33"
"2025-09-19T05:36:34","158.34"
"2025-09-19T05:36:50","158.34"
"2025-09-19T05:37:05","158.34"
"2025-09-19T05:37:20","158.36"
"2025-09-19T05:37:35","158.34"
"2025-09-19T05:37:50","158.33"
"2025-09-19T05:38:05","158.34"
"2025-09-19T05:38:20","158.33"
"2025-09-19T05:38:36","158.34"
"2025-09-19T05:38:51","158.34"
"2025-09-19T05:39:06","158.33"
"2025-09-19T05:39:21","158.33"
"2025-09-19T05:39:36","158.33"
"2025-09-19T05:39:51","158.31"
"2025-09-19T05:40:06","158.31"
"2025-09-19T05:40:22","158.31"
"2025-09-19T05:40:37","158.33"
"2025-09-19T05:40:52","158.31"
"2025-09-19T05:41:07","158.34"
"2025-09-19T05:41:22","158.34"
"2025-09-19T05:41:37","158.34"
"2025-09-19T05:41:52","158.36"
"2025-09-19T05:42:08","158.34"
"2025-09-19T05:42:23","158.34"
"2025-09-19T05:42:38","158.34"
"2025-09-19T05:42:53","158.33"
"2025-09-19T05:43:08","158.34"
"2025-09-19T05:43:23","158.36"
"2025-09-19T05:43:38","158.33"
"2025-09-19T05:43:54","158.34"
"2025-09-19T05:44:09","158.33"
"2025-09-19T05:44:24","158.34"
"2025-09-19T05:44:39","158.34"
"2025-09-19T05:44:54","158.33"
"2025-09-19T05:45:09","158.34"
"2025-09-19T05:45:24","158.34"
"2025-09-19T05:45:40","158.34"
"2025-09-19T05:45:55","158.34"
"2025-09-19T05:46:10","158.34"
"2025-09-19T05:46:25","158.34"
"2025-09-19T05:46:40","158.34"
"2025-09-19T05:46:55","158.34"
"2025-09-19T05:47:10","158.36"
"2025-09-19T05:47:26","158.33"
"2025-09-19T05:47:41","158.33"
"2025-09-19T05:47:56","158.34"
"2025-09-19T05:48:11","158.34"
"2025-09-19T05:48:26","158.34"
"2025-09-19T05:48:41","158.34"
"2025-09-19T05:48:56","158.33"
"2025-09-19T05:49:12","158.33"
"2025-09-19T05:49:26","158.33"
"2025-09-19T05:49:42","158.33"
"2025-09-19T05:49:57","158.31"
"2025-09-19T05:50:12","158.33"
"2025-09-19T05:50:27","158.33"
"2025-09-19T05:50:42","158.29"
"2025-09-19T05:50:57","158.33"
"2025-09-19T05:51:12","158.29"
"2025-09-19T05:51:28","158.31"
"2025-09-19T05:51:43","158.31"
"2025-09-19T05:51:58","158.31"
"2025-09-19T05:52:13","158.31"
"2025-09-19T05:52:28","158.31"
"2025-09-19T05:52:43","158.29"
"2025-09-19T05:52:58","158.33"
"2025-09-19T05:53:14","158.31"
"2025-09-19T05:53:29","158.31"
"2025-09-19T05:53:44","158.29"
"2025-09-19T05:53:59","158.29"
"2025-09-19T05:54:14","158.29"
"2025-09-19T05:54:29","158.33"
"2025-09-19T05:54:44","158.31"
"2025-09-19T05:55:00","158.33"
"2025-09-19T05:55:15","158.29"
"2025-09-19T05:55:30","158.31"
"2025-09-19T05:55:45","158.29"
"2025-09-19T05:56:00","158.27"
"2025-09-19T05:56:15","158.27"
"2025-09-19T05:56:30","158.27"
"2025-09-19T05:56:46","158.27"
"2025-09-19T05:57:01","158.27"
"2025-09-19T05:57:16","158.29"
"2025-09-19T05:57:31","158.29"
"2025-09-19T05:57:46","158.27"
"2025-09-19T05:58:01","158.27"
"2025-09-19T05:58:16","158.27"
"2025-09-19T05:58:32","158.27"
"2025-09-19T05:58:47","158.29"
"2025-09-19T05:59:02","158.27"
"2025-09-19T05:59:17","158.29"
"2025-09-19T05:59:32","158.27"
"2025-09-19T05:59:47","158.27"
"2025-09-19T06:00:02","158.27"
"2025-09-19T06:00:18","158.26"
"2025-09-19T06:00:33","158.27"
"2025-09-19T06:00:48","158.29"
"2025-09-19T06:01:03","158.27"
"2025-09-19T06:01:18","158.26"
"2025-09-19T06:01:33","158.27"
"2025-09-19T06:01:48","158.29"
"2025-09-19T06:02:04","158.27"
"2025-09-19T06:02:19","158.26"
"2025-09-19T06:02:34","158.27"
"2025-09-19T06:02:49","158.29"
"2025-09-19T06:03:04","158.26"
"2025-09-19T06:03:19","158.29"
"2025-09-19T06:03:34","158.27"
"2025-09-19T06:03:50","158.27"
"2025-09-19T06:04:05","158.29"
"2025-09-19T06:04:20","158.27"
"2025-09-19T06:04:35","158.27"
"2025-09-19T06:04:50","158.29"
"2025-09-19T06:05:05","158.27"
"2025-09-19T06:05:20","158.29"
"2025-09-19T06:05:35","158.29"
"2025-09-19T06:05:50","158.31"
"2025-09-19T06:06:05","158.26"
"2025-09-19T06:06:20","158.27"
"2025-09-19T06:06:35","158.29"
"2025-09-19T06:06:51","158.27"
"2025-09-19T06:07:06","158.29"
"2025-09-19T06:07:21","158.29"
"2025-09-19T06:07:36","158.27"
"2025-09-19T06:07:51","158.29"
"2025-09-19T06:08:06","158.29"
"2025-09-19T06:08:21","158.29"
"2025-09-19T06:08:36","158.29"
"2025-09-19T06:08:52","158.27"
"2025-09-19T06:09:07","158.29"
"2025-09-19T06:09:22","158.29"
"2025-09-19T06:09:37","158.29"
"2025-09-19T06:09:52","158.29"
"2025-09-19T06:10:07","158.29"
"2025-09-19T06:10:22","158.29"
"2025-09-19T06:10:38","158.27"
"2025-09-19T06:10:53","158.29"
"2025-09-19T06:11:08","158.29"
"2025-09-19T06:11:23","158.29"
"2025-09-19T06:11:38","158.27"
"2025-09-19T06:11:53","158.27"
"2025-09-19T06:12:08","158.27"
"2025-09-19T06:12:24","158.27"
"2025-09-19T06:12:39","158.27"
"2025-09-19T06:12:54","158.29"
"2025-09-19T06:13:09","158.27"
"2025-09-19T06:13:24","158.29"
"2025-09-19T06:13:39","158.27"
"2025-09-19T06:13:54","158.29"
"2025-09-19T06:14:10","158.27"
"2025-09-19T06:14:25","158.31"
"2025-09-19T06:14:40","158.27"
"2025-09-19T06:14:55","158.29"
"2025-09-19T06:15:10","158.27"
"2025-09-19T06:15:25","158.27"
"2025-09-19T06:15:40","158.29"
"2025-09-19T06:15:55","158.27"
"2025-09-19T06:16:10","158.27"
"2025-09-19T06:16:25","158.29"
"2025-09-19T06:16:41","158.29"
"2025-09-19T06:16:56","158.31"
"2025-09-19T06:17:11","158.31"
"2025-09-19T06:17:26","158.31"
"2025-09-19T06:17:41","158.33"
"2025-09-19T06:17:56","158.33"
"2025-09-19T06:18:11","158.31"
"2025-09-19T06:18:27","158.31"
"2025-09-19T06:18:42","158.33"
"2025-09-19T06:18:57","158.33"
"2025-09-19T06:19:12","158.33"
"2025-09-19T06:19:27","158.33"
"2025-09-19T06:19:42","158.34"
"2025-09-19T06:19:57","158.33"
"2025-09-19T06:20:13","158.33"
"2025-09-19T06:20:28","158.33"
"2025-09-19T06:20:43","158.33"
"2025-09-19T06:20:58","158.36"
"2025-09-19T06:21:13","158.33"
"2025-09-19T06:21:28","158.34"
"2025-09-19T06:21:43","158.33"
"2025-09-19T06:21:59","158.33"
"2025-09-19T06:22:14","158.33"
"2025-09-19T06:22:29","158.31"
"2025-09-19T06:22:44","158.33"
"2025-09-19T06:22:59","158.33"
"2025-09-19T06:23:14","158.34"
"2025-09-19T06:23:29","158.34"
"2025-09-19T06:23:45","158.33"
"2025-09-19T06:24:00","158.34"
"2025-09-19T06:24:15","158.34"
"2025-09-19T06:24:30","158.33"
"2025-09-19T06:24:45","158.33"
"2025-09-19T06:25:00","158.34"
"2025-09-19T06:25:15","158.33"
"2025-09-19T06:25:31","158.31"
"2025-09-19T06:25:46","158.33"
"2025-09-19T06:26:01","158.33"
"2025-09-19T06:26:16","158.33"
"2025-09-19T06:26:31","158.33"
"2025-09-19T06:26:46","158.33"
"2025-09-19T06:27:01","158.33"
"2025-09-19T06:27:17","158.33"
"2025-09-19T06:27:32","158.33"
"2025-09-19T06:27:47","158.31"
"2025-09-19T06:28:02","158.33"
"2025-09-19T06:28:17","158.29"
"2025-09-19T06:28:32","158.31"
"2025-09-19T06:28:47","158.33"
"2025-09-19T06:29:03","158.31"
"2025-09-19T06:29:18","158.31"
"2025-09-19T06:29:33","158.29"
"2025-09-19T06:29:48","158.33"
"2025-09-19T06:30:03","158.31"
"2025-09-19T06:30:18","158.33"
"2025-09-19T06:30:33","158.33"
"2025-09-19T06:30:49","158.33"
"2025-09-19T06:31:04","158.33"
"2025-09-19T06:31:19","158.33"
"2025-09-19T06:31:34","158.34"
"2025-09-19T06:31:49","158.33"
"2025-09-19T06:32:04","158.31"
"2025-09-19T06:32:19","158.33"
"2025-09-19T06:32:35","158.33"
"2025-09-19T06:32:50","158.34"
"2025-09-19T06:33:05","158.33"
"2025-09-19T06:33:20","158.33"
"2025-09-19T06:33:35","158.33"
"2025-09-19T06:33:50","158.34"
"2025-09-19T06:34:05","158.33"
"2025-09-19T06:34:21","158.34"
"2025-09-19T06:34:36","158.34"
"2025-09-19T06:34:51","158.34"
"2025-09-19T06:35:06","158.33"
"2025-09-19T06:35:21","158.33"
"2025-09-19T06:35:36","158.34"
"2025-09-19T06:35:51","158.33"
"2025-09-19T06:36:07","158.34"
"2025-09-19T06:36:22","158.34"
"2025-09-19T06:36:37","158.34"
"2025-09-19T06:36:52","158.34"
"2025-09-19T06:37:07","158.33"
"2025-09-19T06:37:22","158.36"
"2025-09-19T06:37:37","158.36"
"2025-09-19T06:37:53","158.34"
"2025-09-19T06:38:08","158.36"
"2025-09-19T06:38:23","158.36"
"2025-09-19T06:38:38","158.36"
"2025-09-19T06:38:53","158.34"
"2025-09-19T06:39:08","158.36"
"2025-09-19T06:39:23","158.36"
"2025-09-19T06:39:38","158.36"
"2025-09-19T06:39:54","158.38"
"2025-09-19T06:40:09","158.36"
"2025-09-19T06:40:24","158.38"
"2025-09-19T06:40:39","158.36"
"2025-09-19T06:40:57","158.39"
"2025-09-19T06:41:09","158.38"
"2025-09-19T06:41:24","158.39"
"2025-09-19T06:41:40","158.39"
"2025-09-19T06:41:55","158.39"
"2025-09-19T06:42:10","158.39"
"2025-09-19T06:42:25","158.39"
"2025-09-19T06:42:40","158.39"
"2025-09-19T06:42:55","158.36"
"2025-09-19T06:43:10","158.36"
"2025-09-19T06:43:26","158.38"
"2025-09-19T06:43:41","158.38"
"2025-09-19T06:43:56","158.39"
"2025-09-19T06:44:11","158.39"
"2025-09-19T06:44:26","158.41"
"2025-09-19T06:44:41","158.41"
"2025-09-19T06:44:56","158.43"
"2025-09-19T06:45:12","158.43"
"2025-09-19T06:45:27","158.43"
"2025-09-19T06:45:42","158.43"
"2025-09-19T06:45:57","158.43"
"2025-09-19T06:46:12","158.41"
"2025-09-19T06:46:27","158.43"
"2025-09-19T06:46:42","158.41"
"2025-09-19T06:46:58","158.41"
"2025-09-19T06:47:13","158.43"
"2025-09-19T06:47:28","158.41"
"2025-09-19T06:47:43","158.41"
"2025-09-19T06:47:58","158.41"
"2025-09-19T06:48:13","158.41"
"2025-09-19T06:48:28","158.41"
"2025-09-19T06:48:44","158.41"
"2025-09-19T06:48:59","158.41"
"2025-09-19T06:49:14","158.38"
"2025-09-19T06:49:29","158.39"
"2025-09-19T06:49:44","158.39"
"2025-09-19T06:49:59","158.41"
"2025-09-19T06:50:14","158.41"
"2025-09-19T06:50:30","158.38"
"2025-09-19T06:50:45","158.38"
"2025-09-19T06:51:00","158.39"
"2025-09-19T06:51:15","158.39"
"2025-09-19T06:51:30","158.41"
"2025-09-19T06:51:45","158.38"
"2025-09-19T06:52:00","158.41"
"2025-09-19T06:52:16","158.39"
"2025-09-19T06:52:31","158.39"
"2025-09-19T06:52:46","158.41"
"2025-09-19T06:53:01","158.39"
"2025-09-19T06:53:16","158.39"
"2025-09-19T06:53:31","158.41"
"2025-09-19T06:53:46","158.43"
"2025-09-19T06:54:02","158.43"
"2025-09-19T06:54:17","158.43"
"2025-09-19T06:54:32","158.43"
"2025-09-19T06:54:47","158.43"
"2025-09-19T06:55:02","158.43"
"2025-09-19T06:55:17","158.43"
"2025-09-19T06:55:32","158.43"
"2025-09-19T06:55:48","158.43"
"2025-09-19T06:56:03","158.41"
"2025-09-19T06:56:18","158.43"
"2025-09-19T06:56:33","158.43"
"2025-09-19T06:56:48","158.44"
"2025-09-19T06:57:03","158.43"
"2025-09-19T06:57:18","158.46"
"2025-09-19T06:57:34","158.46"
"2025-09-19T06:57:49","158.44"
"2025-09-19T06:58:04","158.43"
"2025-09-19T06:58:19","158.43"
"2025-09-19T06:58:34","158.44"
"2025-09-19T06:58:49","158.44"
"2025-09-19T06:59:04","158.46"
"2025-09-19T06:59:20","158.43"
"2025-09-19T06:59:35","158.43"
"2025-09-19T06:59:50","158.46"
"2025-09-19T07:00:05","158.44"
"2025-09-19T07:00:20","158.43"
"2025-09-19T07:00:35","158.43"
"2025-09-19T07:00:50","158.43"
"2025-09-19T07:01:06","158.46"
"2025-09-19T07:01:21","158.46"
"2025-09-19T07:01:36","158.44"
"2025-09-19T07:01:51","158.44"
"2025-09-19T07:02:06","158.44"
"2025-09-19T07:02:21","158.43"
"2025-09-19T07:02:36","158.46"
"2025-09-19T07:02:52","158.43"
"2025-09-19T07:03:07","158.43"
"2025-09-19T07:03:22","158.43"
"2025-09-19T07:03:37","158.43"
"2025-09-19T07:03:52","158.41"
"2025-09-19T07:04:07","158.43"
"2025-09-19T07:04:22","158.44"
"2025-09-19T07:04:37","158.43"
"2025-09-19T07:04:52","158.43"
"2025-09-19T07:05:08","158.41"
"2025-09-19T07:05:23","158.41"
"2025-09-19T07:05:38","158.41"
"2025-09-19T07:05:53","158.43"
"2025-09-19T07:06:08","158.41"
"2025-09-19T07:06:23","158.43"
"2025-09-19T07:06:38","158.39"
"2025-09-19T07:06:54","158.41"
"2025-09-19T07:07:09","158.41"
"2025-09-19T07:07:24","158.41"
"2025-09-19T07:07:39","158.43"
"2025-09-19T07:07:54","158.41"
"2025-09-19T07:08:09","158.43"
"2025-09-19T07:08:24","158.43"
"2025-09-19T07:08:40","158.43"
"2025-09-19T07:08:55","158.43"
"2025-09-19T07:09:10","158.39"
"2025-09-19T07:09:25","158.43"
"2025-09-19T07:09:40","158.43"
"2025-09-19T07:09:55","158.43"
"2025-09-19T07:10:10","158.44"
"2025-09-19T07:10:26","158.43"
"2025-09-19T07:10:41","158.43"
"2025-09-19T07:10:56","158.44"
"2025-09-19T07:11:11","158.44"
"2025-09-19T07:11:26","158.44"
"2025-09-19T07:11:41","158.44"
"2025-09-19T07:11:56","158.43"
"2025-09-19T07:12:12","158.41"
"2025-09-19T07:12:27","158.43"
"2025-09-19T07:12:42","158.41"
"2025-09-19T07:12:57","158.41"
"2025-09-19T07:13:12","158.43"
"2025-09-19T07:13:27","158.44"
"2025-09-19T07:13:42","158.43"
"2025-09-19T07:13:58","158.41"
"2025-09-19T07:14:13","158.43"
"2025-09-19T07:14:28","158.41"
"2025-09-19T07:14:43","158.46"
"2025-09-19T07:14:58","158.44"
"2025-09-19T07:15:13","158.46"
"2025-09-19T07:15:28","158.46"
"2025-09-19T07:15:44","158.44"
"2025-09-19T07:15:59","158.44"
"2025-09-19T07:16:14","158.44"
"2025-09-19T07:16:29","158.48"
"2025-09-19T07:16:44","158.46"
"2025-09-19T07:16:59","158.46"
"2025-09-19T07:17:14","158.46"
"2025-09-19T07:17:30","158.46"
"2025-09-19T07:17:45","158.44"
"2025-09-19T07:18:00","158.48"
"2025-09-19T07:18:15","158.5"
"2025-09-19T07:18:30","158.48"
"2025-09-19T07:18:45","158.44"
"2025-09-19T07:19:00","158.44"
"2025-09-19T07:19:16","158.46"
"2025-09-19T07:19:31","158.46"
"2025-09-19T07:19:46","158.46"
"2025-09-19T07:20:01","158.48"
"2025-09-19T07:20:16","158.44"
"2025-09-19T07:20:31","158.44"
"2025-09-19T07:20:46","158.48"
"2025-09-19T07:21:02","158.46"
"2025-09-19T07:21:17","158.43"
"2025-09-19T07:21:32","158.44"
"2025-09-19T07:21:47","158.46"
"2025-09-19T07:22:02","158.44"
"2025-09-19T07:22:17","158.46"
"2025-09-19T07:22:32","158.44"
"2025-09-19T07:22:48","158.46"
"2025-09-19T07:23:03","158.44"
"2025-09-19T07:23:18","158.41"
"2025-09-19T07:23:33","158.46"
"2025-09-19T07:23:48","158.43"
"2025-09-19T07:24:03","158.43"
"2025-09-19T07:24:18","158.43"
"2025-09-19T07:24:34","158.43"
"2025-09-19T07:24:49","158.43"
"2025-09-19T07:25:04","158.44"
"2025-09-19T07:25:19","158.43"
"2025-09-19T07:25:34","158.43"
"2025-09-19T07:25:49","158.43"
"2025-09-19T07:26:04","158.43"
"2025-09-19T07:26:20","158.44"
"2025-09-19T07:26:35","158.43"
"2025-09-19T07:26:50","158.43"
"2025-09-19T07:27:05","158.44"
"2025-09-19T07:27:20","158.44"
"2025-09-19T07:27:35","158.44"
"2025-09-19T07:27:50","158.46"
"2025-09-19T07:28:05","158.46"
"2025-09-19T07:28:21","158.46"
"2025-09-19T07:28:36","158.46"
"2025-09-19T07:28:51","158.44"
"2025-09-19T07:29:06","158.46"
"2025-09-19T07:29:21","158.41"
"2025-09-19T07:29:36","158.44"
"2025-09-19T07:29:51","158.43"
"2025-09-19T07:30:07","158.46"
"2025-09-19T07:30:22","158.44"
"2025-09-19T07:30:37","158.43"
"2025-09-19T07:30:52","158.44"
"2025-09-19T07:31:07","158.48"
"2025-09-19T07:31:22","158.46"
"2025-09-19T07:31:37","158.44"
"2025-09-19T07:31:53","158.44"
"2025-09-19T07:32:08","158.44"
"2025-09-19T07:32:23","158.46"
"2025-09-19T07:32:38","158.44"
"2025-09-19T07:32:53","158.44"
"2025-09-19T07:33:08","158.44"
"2025-09-19T07:33:23","158.46"
"2025-09-19T07:33:39","158.46"
"2025-09-19T07:33:54","158.46"
"2025-09-19T07:34:09","158.5"
"2025-09-19T07:34:24","158.5"
"2025-09-19T07:34:39","158.51"
"2025-09-19T07:34:54","158.5"
"2025-09-19T07:35:09","158.48"
"2025-09-19T07:35:25","158.5"
"2025-09-19T07:35:40","158.48"
"2025-09-19T07:35:55","158.5"
"2025-09-19T07:36:10","158.5"
"2025-09-19T07:36:25","158.5"
"2025-09-19T07:36:40","158.48"
"2025-09-19T07:36:55","158.5"
"2025-09-19T07:37:11","158.53"
"2025-09-19T07:37:26","158.5"
"2025-09-19T07:37:41","158.51"
"2025-09-19T07:37:56","158.53"
"2025-09-19T07:38:11","158.51"
"2025-09-19T07:38:26","158.51"
"2025-09-19T07:38:41","158.51"
"2025-09-19T07:38:57","158.5"
"2025-09-19T07:39:12","158.51"
"2025-09-19T07:39:27","158.51"
"2025-09-19T07:39:42","158.53"
"2025-09-19T07:39:57","158.51"
"2025-09-19T07:40:12","158.51"
"2025-09-19T07:40:27","158.53"
"2025-09-19T07:40:43","158.51"
"2025-09-19T07:40:58","158.51"
"2025-09-19T07:41:13","158.5"
"2025-09-19T07:41:28","158.51"
"2025-09-19T07:41:43","158.51"
"2025-09-19T07:41:58","158.51"
"2025-09-19T07:42:13","158.51"
"2025-09-19T07:42:29","158.53"
"2025-09-19T07:42:44","158.51"
"2025-09-19T07:42:59","158.53"
"2025-09-19T07:43:14","158.55"
"2025-09-19T07:43:29","158.53"
"2025-09-19T07:43:44","158.53"
"2025-09-19T07:43:59","158.53"
"2025-09-19T07:44:15","158.53"
"2025-09-19T07:44:30","158.53"
"2025-09-19T07:44:45","158.56"
"2025-09-19T07:45:00","158.56"
"2025-09-19T07:45:15","158.56"
"2025-09-19T07:45:30","158.53"
"2025-09-19T07:45:45","158.55"
"2025-09-19T07:46:01","158.53"
"2025-09-19T07:46:16","158.55"
"2025-09-19T07:46:31","158.55"
"2025-09-19T07:46:46","158.53"
"2025-09-19T07:47:01","158.55"
"2025-09-19T07:47:16","158.53"
"2025-09-19T07:47:31","158.53"
"2025-09-19T07:47:47","158.55"
"2025-09-19T07:48:02","158.55"
"2025-09-19T07:48:17","158.53"
"2025-09-19T07:48:32","158.56"
"2025-09-19T07:48:47","158.55"
"2025-09-19T07:49:02","158.55"
"2025-09-19T07:49:17","158.56"
"2025-09-19T07:49:33","158.58"
"2025-09-19T07:49:48","158.56"
"2025-09-19T07:50:03","158.56"
"2025-09-19T07:50:18","158.55"
"2025-09-19T07:50:33","158.58"
"2025-09-19T07:50:48","158.56"
"2025-09-19T07:51:03","158.58"
"2025-09-19T07:51:19","158.56"
"2025-09-19T07:51:34","158.55"
"2025-09-19T07:51:49","158.58"
"2025-09-19T07:52:04","158.56"
"2025-09-19T07:52:19","158.55"
"2025-09-19T07:52:34","158.56"
"2025-09-19T07:52:49","158.55"
"2025-09-19T07:53:14","158.56"
"2025-09-19T07:53:19","158.56"
"2025-09-19T07:53:34","158.56"
"2025-09-19T07:53:50","158.55"
"2025-09-19T07:54:05","158.55"
"2025-09-19T07:54:20","158.56"
"2025-09-19T07:54:35","158.55"
"2025-09-19T07:54:50","158.56"
"2025-09-19T07:55:05","158.55"
"2025-09-19T07:55:20","158.56"
"2025-09-19T07:55:36","158.53"
"2025-09-19T07:55:51","158.53"
"2025-09-19T07:56:06","158.55"
"2025-09-19T07:56:21","158.55"
"2025-09-19T07:56:36","158.55"
"2025-09-19T07:56:51","158.56"
"2025-09-19T07:57:06","158.56"
"2025-09-19T07:57:22","158.51"
"2025-09-19T07:57:37","158.56"
"2025-09-19T07:57:52","158.55"
"2025-09-19T07:58:07","158.56"
"2025-09-19T07:58:22","158.56"
"2025-09-19T07:58:37","158.56"
"2025-09-19T07:58:52","158.55"
"2025-09-19T07:59:08","158.56"
"2025-09-19T07:59:23","158.53"
"2025-09-19T07:59:38","158.55"
"2025-09-19T07:59:53","158.53"
"2025-09-19T08:00:08","158.53"
"2025-09-19T08:00:23","158.55"
"2025-09-19T08:00:38","158.55"
"2025-09-19T08:00:54","158.55"
"2025-09-19T08:01:09","158.55"
"2025-09-19T08:01:24","158.56"
"2025-09-19T08:01:39","158.55"
"2025-09-19T08:01:54","158.53"
"2025-09-19T08:02:09","158.55"
"2025-09-19T08:02:24","158.56"
"2025-09-19T08:02:40","158.55"
"2025-09-19T08:02:55","158.55"
"2025-09-19T08:03:10","158.53"
"2025-09-19T08:03:25","158.53"
"2025-09-19T08:03:40","158.53"
"2025-09-19T08:03:55","158.53"
"2025-09-19T08:04:10","158.51"
"2025-09-19T08:04:26","158.55"
"2025-09-19T08:04:41","158.5"
"2025-09-19T08:04:56","158.53"
"2025-09-19T08:05:11","158.51"
"2025-09-19T08:05:26","158.51"
"2025-09-19T08:05:41","158.53"
"2025-09-19T08:05:56","158.51"
"2025-09-19T08:06:12","158.53"
"2025-09-19T08:06:27","158.55"
"2025-09-19T08:06:42","158.51"
"2025-09-19T08:06:57","158.51"
"2025-09-19T08:07:12","158.55"
"2025-09-19T08:07:27","158.53"
"2025-09-19T08:07:42","158.53"
"2025-09-19T08:07:58","158.5"
"2025-09-19T08:08:13","158.53"
"2025-09-19T08:08:28","158.51"
"2025-09-19T08:08:43","158.5"
"2025-09-19T08:08:58","158.51"
"2025-09-19T08:09:13","158.5"
"2025-09-19T08:09:28","158.53"
"2025-09-19T08:09:44","158.53"
"2025-09-19T08:09:59","158.51"
"2025-09-19T08:10:14","158.5"
"2025-09-19T08:10:29","158.51"
"2025-09-19T08:10:44","158.5"
"2025-09-19T08:10:59","158.5"
"2025-09-19T08:11:14","158.51"
"2025-09-19T08:11:30","158.51"
"2025-09-19T08:11:45","158.53"
"2025-09-19T08:12:00","158.53"
"2025-09-19T08:12:15","158.53"
"2025-09-19T08:12:30","158.53"
"2025-09-19T08:12:45","158.55"
"2025-09-19T08:13:00","158.53"
"2025-09-19T08:13:15","158.56"
"2025-09-19T08:13:30","158.53"
"2025-09-19T08:13:45","158.53"
"2025-09-19T08:14:00","158.53"
"2025-09-19T08:14:15","158.56"
"2025-09-19T08:14:30","158.53"
"2025-09-19T08:14:46","158.53"
"2025-09-19T08:15:01","158.55"
"2025-09-19T08:15:16","158.51"
"2025-09-19T08:15:31","158.53"
"2025-09-19T08:15:46","158.56"
"2025-09-19T08:16:01","158.55"
"2025-09-19T08:16:16","158.56"
"2025-09-19T08:16:32","158.58"
"2025-09-19T08:16:47","158.56"
"2025-09-19T08:17:02","158.56"
"2025-09-19T08:17:17","158.61"
"2025-09-19T08:17:32","158.6"
"2025-09-19T08:17:47","158.61"
"2025-09-19T08:18:02","158.6"
"2025-09-19T08:18:18","158.6"
"2025-09-19T08:18:33","158.61"
"2025-09-19T08:18:48","158.61"
"2025-09-19T08:19:03","158.61"
"2025-09-19T08:19:18","158.6"
"2025-09-19T08:19:33","158.63"
"2025-09-19T08:19:48","158.63"
"2025-09-19T08:20:03","158.63"
"2025-09-19T08:20:18","158.61"
"2025-09-19T08:20:34","158.61"
"2025-09-19T08:20:49","158.61"
"2025-09-19T08:21:04","158.61"
"2025-09-19T08:21:19","158.63"
"2025-09-19T08:21:34","158.61"
"2025-09-19T08:21:49","158.6"
"2025-09-19T08:22:04","158.63"
"2025-09-19T08:22:20","158.61"
"2025-09-19T08:22:35","158.61"
"2025-09-19T08:22:50","158.61"
"2025-09-19T08:23:05","158.63"
"2025-09-19T08:23:20","158.61"
"2025-09-19T08:23:35","158.63"
"2025-09-19T08:23:50","158.6"
"2025-09-19T08:24:06","158.58"
"2025-09-19T08:24:21","158.6"
"2025-09-19T08:24:36","158.6"
"2025-09-19T08:24:51","158.6"
"2025-09-19T08:25:06","158.6"
"2025-09-19T08:25:21","158.6"
"2025-09-19T08:25:36","158.58"
"2025-09-19T08:25:52","158.58"
"2025-09-19T08:26:07","158.6"
"2025-09-19T08:26:22","158.56"
"2025-09-19T08:26:37","158.56"
"2025-09-19T08:26:52","158.6"
"2025-09-19T08:27:07","158.6"
"2025-09-19T08:27:22","158.56"
"2025-09-19T08:27:38","158.56"
"2025-09-19T08:27:53","158.56"
"2025-09-19T08:28:08","158.58"
"2025-09-19T08:28:23","158.58"
"2025-09-19T08:28:38","158.58"
"2025-09-19T08:28:53","158.58"
"2025-09-19T08:29:08","158.56"
"2025-09-19T08:29:24","158.55"
"2025-09-19T08:29:39","158.58"
"2025-09-19T08:29:54","158.58"
"2025-09-19T08:30:09","158.58"
"2025-09-19T08:30:24","158.58"
"2025-09-19T08:30:39","158.55"
"2025-09-19T08:30:54","158.58"
"2025-09-19T08:31:10","158.58"
"2025-09-19T08:31:25","158.58"
"2025-09-19T08:31:40","158.56"
"2025-09-19T08:31:55","158.56"
"2025-09-19T08:32:10","158.58"
"2025-09-19T08:32:25","158.58"
"2025-09-19T08:32:40","158.56"
"2025-09-19T08:32:56","158.58"
"2025-09-19T08:33:11","158.58"
"2025-09-19T08:33:26","158.58"
"2025-09-19T08:33:41","158.6"
"2025-09-19T08:33:56","158.6"
"2025-09-19T08:34:11","158.6"
"2025-09-19T08:34:26","158.63"
"2025-09-19T08:34:42","158.6"
"2025-09-19T08:34:57","158.58"
"2025-09-19T08:35:12","158.6"
"2025-09-19T08:35:27","158.6"
"2025-09-19T08:35:42","158.58"
"2025-09-19T08:35:57","158.58"
"2025-09-19T08:36:12","158.6"
"2025-09-19T08:36:28","158.55"
"2025-09-19T08:36:43","158.6"
"2025-09-19T08:36:58","158.58"
"2025-09-19T08:37:13","158.58"
"2025-09-19T08:37:28","158.56"
"2025-09-19T08:37:43","158.6"
"2025-09-19T08:37:58","158.56"
"2025-09-19T08:38:14","158.56"
"2025-09-19T08:38:29","158.56"
"2025-09-19T08:38:44","158.61"
"2025-09-19T08:38:59","158.56"
"2025-09-19T08:39:14","158.6"
"2025-09-19T08:39:29","158.58"
"2025-09-19T08:39:44","158.56"
"2025-09-19T08:40:00","158.6"
"2025-09-19T08:40:15","158.6"
"2025-09-19T08:40:30","158.58"
"2025-09-19T08:40:45","158.58"
"2025-09-19T08:41:00","158.58"
"2025-09-19T08:41:15","158.56"
"2025-09-19T08:41:30","158.55"
"2025-09-19T08:41:46","158.58"
"2025-09-19T08:42:01","158.56"
"2025-09-19T08:42:16","158.6"
"2025-09-19T08:42:31","158.6"
"2025-09-19T08:42:46","158.58"
"2025-09-19T08:43:01","158.58"
"2025-09-19T08:43:16","158.58"
"2025-09-19T08:43:32","158.58"
"2025-09-19T08:43:47","158.56"
"2025-09-19T08:44:02","158.58"
"2025-09-19T08:44:17","158.56"
"2025-09-19T08:44:32","158.6"
"2025-09-19T08:44:47","158.58"
"2025-09-19T08:45:02","158.58"
"2025-09-19T08:45:17","158.58"
"2025-09-19T08:45:33","158.55"
"2025-09-19T08:45:48","158.56"
"2025-09-19T08:46:03","158.6"
"2025-09-19T08:46:18","158.58"
"2025-09-19T08:46:33","158.6"
"2025-09-19T08:46:48","158.6"
"2025-09-19T08:47:03","158.56"
"2025-09-19T08:47:19","158.6"
"2025-09-19T08:47:34","158.6"
"2025-09-19T08:47:49","158.6"
"2025-09-19T08:48:04","158.6"
"2025-09-19T08:48:19","158.56"
"2025-09-19T08:48:34","158.6"
"2025-09-19T08:48:49","158.6"
"2025-09-19T08:49:05","158.56"
"2025-09-19T08:49:20","158.6"
"2025-09-19T08:49:35","158.6"
"2025-09-19T08:49:50","158.6"
"2025-09-19T08:50:05","158.58"
"2025-09-19T08:50:20","158.58"
"2025-09-19T08:50:35","158.58"
"2025-09-19T08:50:51","158.6"
"2025-09-19T08:51:06","158.6"
"2025-09-19T08:51:21","158.6"
"2025-09-19T08:51:36","158.6"
"2025-09-19T08:51:51","158.61"
"2025-09-19T08:52:06","158.63"
"2025-09-19T08:52:21","158.6"
"2025-09-19T08:52:37","158.58"
"2025-09-19T08:52:52","158.6"
"2025-09-19T08:53:07","158.61"
"2025-09-19T08:53:22","158.61"
"2025-09-19T08:53:37","158.58"
"2025-09-19T08:53:52","158.6"
"2025-09-19T08:54:07","158.61"
"2025-09-19T08:54:23","158.6"
"2025-09-19T08:54:38","158.61"
"2025-09-19T08:54:53","158.6"
"2025-09-19T08:55:08","158.58"
"2025-09-19T08:55:23","158.6"
"2025-09-19T08:55:38","158.61"
"2025-09-19T08:55:53","158.61"
"2025-09-19T08:56:09","158.58"
"2025-09-19T08:56:24","158.6"
"2025-09-19T08:56:39","158.61"
"2025-09-19T08:56:54","158.61"
"2025-09-19T08:57:09","158.61"
"2025-09-19T08:57:24","158.58"
"2025-09-19T08:57:39","158.58"
"2025-09-19T08:57:55","158.6"
"2025-09-19T08:58:10","158.56"
"2025-09-19T08:58:25","158.58"
"2025-09-19T08:58:40","158.56"
"2025-09-19T08:58:55","158.58"
"2025-09-19T08:59:10","158.56"
"2025-09-19T08:59:25","158.56"
"2025-09-19T08:59:40","158.58"
"2025-09-19T08:59:55","158.6"
"2025-09-19T09:00:10","158.58"
"2025-09-19T09:00:26","158.58"
"2025-09-19T09:00:41","158.61"
"2025-09-19T09:00:56","158.58"
"2025-09-19T09:01:11","158.6"
"2025-09-19T09:01:26","158.6"
"2025-09-19T09:01:41","158.58"
"2025-09-19T09:01:56","158.58"
"2025-09-19T09:02:11","158.6"
"2025-09-19T09:02:26","158.58"
"2025-09-19T09:02:41","158.6"
"2025-09-19T09:02:56","158.6"
"2025-09-19T09:03:11","158.58"
"2025-09-19T09:03:27","158.58"
"2025-09-19T09:03:42","158.58"
"2025-09-19T09:03:57","158.6"
"2025-09-19T09:04:12","158.61"
"2025-09-19T09:04:27","158.6"
"2025-09-19T09:04:42","158.61"
"2025-09-19T09:04:57","158.6"
"2025-09-19T09:05:13","158.61"
"2025-09-19T09:05:28","158.63"
"2025-09-19T09:05:43","158.61"
"2025-09-19T09:05:58","158.61"
"2025-09-19T09:06:13","158.63"
"2025-09-19T09:06:28","158.61"
"2025-09-19T09:06:43","158.63"
"2025-09-19T09:06:59","158.63"
"2025-09-19T09:07:14","158.61"
"2025-09-19T09:07:29","158.6"
"2025-09-19T09:07:44","158.63"
"2025-09-19T09:07:59","158.63"
"2025-09-19T09:08:14","158.65"
"2025-09-19T09:08:29","158.63"
"2025-09-19T09:08:45","158.65"
"2025-09-19T09:09:00","158.63"
"2025-09-19T09:09:15","158.66"
"2025-09-19T09:09:30","158.66"
"2025-09-19T09:09:45","158.65"
"2025-09-19T09:10:00","158.66"
"2025-09-19T09:10:15","158.66"
"2025-09-19T09:10:31","158.68"
"2025-09-19T09:10:46","158.66"
"2025-09-19T09:11:01","158.66"
"2025-09-19T09:11:16","158.66"
"2025-09-19T09:11:31","158.68"
"2025-09-19T09:11:46","158.7"
"2025-09-19T09:12:01","158.66"
"2025-09-19T09:12:16","158.7"
"2025-09-19T09:12:32","158.7"
"2025-09-19T09:12:47","158.68"
"2025-09-19T09:13:02","158.68"
"2025-09-19T09:13:17","158.68"
"2025-09-19T09:13:32","158.68"
"2025-09-19T09:13:47","158.65"
"2025-09-19T09:14:02","158.66"
"2025-09-19T09:14:18","158.65"
"2025-09-19T09:14:33","158.66"
"2025-09-19T09:14:48","158.68"
"2025-09-19T09:15:03","158.66"
"2025-09-19T09:15:18","158.66"
"2025-09-19T09:15:33","158.65"
"2025-09-19T09:15:48","158.65"
"2025-09-19T09:16:04","158.61"
"2025-09-19T09:16:19","158.61"
"2025-09-19T09:16:34","158.65"
"2025-09-19T09:16:49","158.66"
"2025-09-19T09:17:04","158.65"
"2025-09-19T09:17:19","158.61"
"2025-09-19T09:17:34","158.61"
"2025-09-19T09:17:50","158.63"
"2025-09-19T09:18:05","158.61"
"2025-09-19T09:18:20","158.61"
"2025-09-19T09:18:35","158.6"
"2025-09-19T09:18:50","158.6"
"2025-09-19T09:19:05","158.61"
"2025-09-19T09:19:20","158.61"
"2025-09-19T09:19:36","158.63"
"2025-09-19T09:19:51","158.61"
"2025-09-19T09:20:06","158.65"
"2025-09-19T09:20:21","158.61"
"2025-09-19T09:20:36","158.65"
"2025-09-19T09:20:51","158.65"
"2025-09-19T09:21:06","158.61"
"2025-09-19T09:21:22","158.61"
"2025-09-19T09:21:37","158.61"
"2025-09-19T09:21:52","158.6"
"2025-09-19T09:22:07","158.63"
"2025-09-19T09:22:22","158.63"
"2025-09-19T09:22:37","158.61"
"2025-09-19T09:22:52","158.63"
"2025-09-19T09:23:08","158.63"
"2025-09-19T09:23:23","158.65"
"2025-09-19T09:23:38","158.65"
"2025-09-19T09:23:53","158.61"
"2025-09-19T09:24:08","158.6"
"2025-09-19T09:24:23","158.6"
"2025-09-19T09:24:38","158.61"
"2025-09-19T09:24:54","158.63"
"2025-09-19T09:25:09","158.61"
"2025-09-19T09:25:24","158.61"
"2025-09-19T09:25:39","158.6"
"2025-09-19T09:25:54","158.61"
"2025-09-19T09:26:09","158.61"
"2025-09-19T09:26:24","158.6"
"2025-09-19T09:26:40","158.61"
"2025-09-19T09:26:55","158.58"
"2025-09-19T09:27:10","158.58"
"2025-09-19T09:27:25","158.56"
"2025-09-19T09:27:40","158.58"
"2025-09-19T09:27:55","158.58"
"2025-09-19T09:28:10","158.56"
"2025-09-19T09:28:26","158.56"
"2025-09-19T09:28:41","158.55"
"2025-09-19T09:28:56","158.56"
"2025-09-19T09:29:11","158.58"
"2025-09-19T09:29:26","158.56"
"2025-09-19T09:29:41","158.56"
"2025-09-19T09:29:56","158.56"
"2025-09-19T09:30:12","158.56"
"2025-09-19T09:30:27","158.55"
"2025-09-19T09:30:42","158.56"
"2025-09-19T09:30:57","158.55"
"2025-09-19T09:31:12","158.56"
"2025-09-19T09:31:27","158.56"
"2025-09-19T09:31:42","158.58"
"2025-09-19T09:31:58","158.56"
"2025-09-19T09:32:13","158.58"
"2025-09-19T09:32:28","158.55"
"2025-09-19T09:32:43","158.55"
"2025-09-19T09:32:58","158.53"
"2025-09-19T09:33:13","158.53"
"2025-09-19T09:33:28","158.58"
"2025-09-19T09:33:44","158.56"
"2025-09-19T09:33:59","158.55"
"2025-09-19T09:34:14","158.53"
"2025-09-19T09:34:29","158.55"
"2025-09-19T09:34:44","158.56"
"2025-09-19T09:34:59","158.55"
"2025-09-19T09:35:14","158.55"
"2025-09-19T09:35:30","158.56"
"2025-09-19T09:35:45","158.56"
"2025-09-19T09:36:00","158.55"
"2025-09-19T09:36:15","158.55"
"2025-09-19T09:36:30","158.56"
"2025-09-19T09:36:45","158.56"
"2025-09-19T09:37:00","158.53"
"2025-09-19T09:37:15","158.55"
"2025-09-19T09:37:31","158.56"
"2025-09-19T09:37:46","158.56"
"2025-09-19T09:38:01","158.53"
"2025-09-19T09:38:16","158.56"
"2025-09-19T09:38:31","158.55"
"2025-09-19T09:38:46","158.51"
"2025-09-19T09:39:01","158.56"
"2025-09-19T09:39:16","158.53"
"2025-09-19T09:39:32","158.51"
"2025-09-19T09:39:47","158.5"
"2025-09-19T09:40:02","158.5"
"2025-09-19T09:40:17","158.5"
"2025-09-19T09:40:32","158.51"
"2025-09-19T09:40:47","158.5"
"2025-09-19T09:41:02","158.46"
"2025-09-19T09:41:18","158.5"
"2025-09-19T09:41:33","158.51"
"2025-09-19T09:41:48","158.5"
"2025-09-19T09:42:03","158.5"
"2025-09-19T09:42:18","158.48"
"2025-09-19T09:42:33","158.48"
"2025-09-19T09:42:48","158.5"
"2025-09-19T09:43:04","158.48"
"2025-09-19T09:43:19","158.5"
"2025-09-19T09:43:34","158.48"
"2025-09-19T09:43:49","158.51"
"2025-09-19T09:44:04","158.51"
"2025-09-19T09:44:19","158.5"
"2025-09-19T09:44:34","158.53"
"2025-09-19T09:44:50","158.46"
"2025-09-19T09:45:05","158.5"
"2025-09-19T09:45:20","158.51"
"2025-09-19T09:45:35","158.51"
"2025-09-19T09:45:50","158.5"
"2025-09-19T09:46:05","158.51"
"2025-09-19T09:46:20","158.51"
"2025-09-19T09:46:35","158.53"
"2025-09-19T09:46:50","158.51"
"2025-09-19T09:47:05","158.5"
"2025-09-19T09:47:20","158.53"
"2025-09-19T09:47:35","158.51"
"2025-09-19T09:47:51","158.53"
"2025-09-19T09:48:06","158.55"
"2025-09-19T09:48:21","158.51"
"2025-09-19T09:48:36","158.5"
"2025-09-19T09:48:51","158.5"
"2025-09-19T09:49:06","158.5"
"2025-09-19T09:49:21","158.5"
"2025-09-19T09:49:36","158.51"
"2025-09-19T09:49:52","158.46"
"2025-09-19T09:50:07","158.5"
"2025-09-19T09:50:22","158.48"
"2025-09-19T09:50:37","158.5"
"2025-09-19T09:50:52","158.5"
"2025-09-19T09:51:07","158.46"
"2025-09-19T09:51:22","158.44"
"2025-09-19T09:51:38","158.46"
"2025-09-19T09:51:53","158.48"
"2025-09-19T09:52:08","158.46"
"2025-09-19T09:52:23","158.43"
"2025-09-19T09:52:38","158.46"
"2025-09-19T09:52:53","158.44"
"2025-09-19T09:53:08","158.43"
"2025-09-19T09:53:24","158.44"
"2025-09-19T09:53:39","158.44"
"2025-09-19T09:53:54","158.44"
"2025-09-19T09:54:09","158.41"
"2025-09-19T09:54:24","158.43"
"2025-09-19T09:54:39","158.43"
"2025-09-19T09:54:54","158.43"
"2025-09-19T09:55:10","158.43"
"2025-09-19T09:55:25","158.41"
"2025-09-19T09:55:40","158.44"
"2025-09-19T09:55:55","158.43"
"2025-09-19T09:56:10","158.43"
"2025-09-19T09:56:25","158.44"
"2025-09-19T09:56:40","158.44"
"2025-09-19T09:56:56","158.44"
"2025-09-19T09:57:11","158.44"
"2025-09-19T09:57:26","158.41"
"2025-09-19T09:57:41","158.44"
"2025-09-19T09:57:56","158.43"
"2025-09-19T09:58:11","158.44"
"2025-09-19T09:58:26","158.44"
"2025-09-19T09:58:42","158.44"
"2025-09-19T09:58:57","158.44"
"2025-09-19T09:59:12","158.43"
"2025-09-19T09:59:27","158.43"
"2025-09-19T09:59:42","158.46"
"2025-09-19T09:59:57","158.44"
"2025-09-19T10:00:12","158.44"
"2025-09-19T10:00:28","158.44"
"2025-09-19T10:00:43","158.44"
"2025-09-19T10:00:58","158.43"
"2025-09-19T10:01:13","158.44"
"2025-09-19T10:01:28","158.44"
"2025-09-19T10:01:43","158.43"
"2025-09-19T10:01:58","158.44"
"2025-09-19T10:02:14","158.43"
"2025-09-19T10:02:29","158.43"
"2025-09-19T10:02:44","158.41"
"2025-09-19T10:02:59","158.43"
"2025-09-19T10:03:14","158.43"
"2025-09-19T10:03:29","158.44"
"2025-09-19T10:03:44","158.43"
"2025-09-19T10:03:59","158.44"
"2025-09-19T10:04:14","158.48"
"2025-09-19T10:04:29","158.44"
"2025-09-19T10:04:45","158.44"
"2025-09-19T10:05:00","158.44"
"2025-09-19T10:05:15","158.44"
"2025-09-19T10:05:30","158.44"
"2025-09-19T10:05:45","158.46"
"2025-09-19T10:06:00","158.46"
"2025-09-19T10:06:15","158.46"
"2025-09-19T10:06:31","158.46"
"2025-09-19T10:06:46","158.44"
"2025-09-19T10:07:01","158.44"
"2025-09-19T10:07:16","158.43"
"2025-09-19T10:07:31","158.43"
"2025-09-19T10:07:46","158.48"
"2025-09-19T10:08:01","158.44"
"2025-09-19T10:08:17","158.46"
"2025-09-19T10:08:32","158.46"
"2025-09-19T10:08:47","158.43"
"2025-09-19T10:09:02","158.46"
"2025-09-19T10:09:17","158.44"
"2025-09-19T10:09:32","158.46"
"2025-09-19T10:09:47","158.46"
"2025-09-19T10:10:03","158.44"
"2025-09-19T10:10:18","158.43"
"2025-09-19T10:10:33","158.43"
"2025-09-19T10:10:48","158.43"
"2025-09-19T10:11:03","158.46"
"2025-09-19T10:11:18","158.46"
"2025-09-19T10:11:33","158.43"
"2025-09-19T10:11:49","158.43"
"2025-09-19T10:12:04","158.44"
"2025-09-19T10:12:19","158.43"
"2025-09-19T10:12:34","158.46"
"2025-09-19T10:12:49","158.44"
"2025-09-19T10:13:04","158.41"
"2025-09-19T10:13:19","158.44"
"2025-09-19T10:13:35","158.46"
"2025-09-19T10:13:50","158.46"
"2025-09-19T10:14:05","158.44"
"2025-09-19T10:14:20","158.44"
"2025-09-19T10:14:35","158.46"
"2025-09-19T10:14:50","158.46"
"2025-09-19T10:15:05","158.5"
"2025-09-19T10:15:21","158.48"
"2025-09-19T10:15:36","158.5"
"2025-09-19T10:15:51","158.46"
"2025-09-19T10:16:06","158.44"
"2025-09-19T10:16:21","158.44"
"2025-09-19T10:16:36","158.46"
"2025-09-19T10:16:51","158.5"
"2025-09-19T10:17:07","158.48"
"2025-09-19T10:17:22","158.5"
"2025-09-19T10:17:37","158.46"
"2025-09-19T10:17:52","158.5"
"2025-09-19T10:18:07","158.48"
"2025-09-19T10:18:22","158.5"
"2025-09-19T10:18:37","158.48"
"2025-09-19T10:18:53","158.48"
"2025-09-19T10:19:08","158.46"
"2025-09-19T10:19:23","158.48"
"2025-09-19T10:19:38","158.46"
"2025-09-19T10:19:53","158.44"
"2025-09-19T10:20:08","158.46"
"2025-09-19T10:20:23","158.46"
"2025-09-19T10:20:39","158.46"
"2025-09-19T10:20:54","158.46"
"2025-09-19T10:21:09","158.46"
"2025-09-19T10:21:24","158.46"
"2025-09-19T10:21:39","158.46"
"2025-09-19T10:21:54","158.44"
"2025-09-19T10:22:09","158.43"
"2025-09-19T10:22:25","158.46"
"2025-09-19T10:22:40","158.43"
"2025-09-19T10:22:55","158.43"
"2025-09-19T10:23:10","158.44"
"2025-09-19T10:23:25","158.43"
"2025-09-19T10:23:40","158.46"
"2025-09-19T10:23:55","158.44"
"2025-09-19T10:24:11","158.46"
"2025-09-19T10:24:26","158.48"
"2025-09-19T10:24:41","158.44"
"2025-09-19T10:24:56","158.46"
"2025-09-19T10:25:11","158.46"
"2025-09-19T10:25:26","158.48"
"2025-09-19T10:25:41","158.46"
"2025-09-19T10:25:57","158.46"
"2025-09-19T10:26:12","158.46"
"2025-09-19T10:26:27","158.46"
"2025-09-19T10:26:42","158.44"
"2025-09-19T10:26:57","158.44"
"2025-09-19T10:27:12","158.46"
"2025-09-19T10:27:27","158.46"
"2025-09-19T10:27:43","158.46"
"2025-09-19T10:27:58","158.44"
"2025-09-19T10:28:13","158.46"
"2025-09-19T10:28:28","158.46"
"2025-09-19T10:28:43","158.44"
"2025-09-19T10:28:58","158.44"
"2025-09-19T10:29:13","158.44"
"2025-09-19T10:29:28","158.46"
"2025-09-19T10:29:43","158.44"
"2025-09-19T10:29:58","158.46"
"2025-09-19T10:30:13","158.44"
"2025-09-19T10:30:28","158.44"
"2025-09-19T10:30:43","158.43"
"2025-09-19T10:30:58","158.44"
"2025-09-19T10:31:13","158.43"
"2025-09-19T10:31:29","158.43"
"2025-09-19T10:31:44","158.46"
"2025-09-19T10:31:59","158.44"
"2025-09-19T10:32:14","158.46"
"2025-09-19T10:32:29","158.44"
"2025-09-19T10:32:44","158.44"
"2025-09-19T10:32:59","158.39"
"2025-09-19T10:33:15","158.43"
"2025-09-19T10:33:30","158.44"
"2025-09-19T10:33:45","158.44"
"2025-09-19T10:34:00","158.46"
"2025-09-19T10:34:15","158.43"
"2025-09-19T10:34:30","158.41"
"2025-09-19T10:34:45","158.44"
"2025-09-19T10:35:01","158.46"
"2025-09-19T10:35:16","158.46"
"2025-09-19T10:35:31","158.48"
"2025-09-19T10:35:46","158.43"
"2025-09-19T10:36:01","158.44"
"2025-09-19T10:36:16","158.44"
"2025-09-19T10:36:31","158.44"
"2025-09-19T10:36:47","158.43"
"2025-09-19T10:37:02","158.43"
"2025-09-19T10:37:17","158.41"
"2025-09-19T10:37:32","158.43"
"2025-09-19T10:37:47","158.41"
"2025-09-19T10:38:02","158.41"
"2025-09-19T10:38:17","158.41"
"2025-09-19T10:38:33","158.39"
"2025-09-19T10:38:48","158.41"
"2025-09-19T10:39:03","158.39"
"2025-09-19T10:39:18","158.38"
"2025-09-19T10:39:33","158.39"
"2025-09-19T10:39:48","158.38"
"2025-09-19T10:40:03","158.38"
"2025-09-19T10:40:19","158.39"
"2025-09-19T10:40:34","158.41"
"2025-09-19T10:40:49","158.39"
"2025-09-19T10:41:04","158.39"
"2025-09-19T10:41:19","158.41"
"2025-09-19T10:41:34","158.39"
"2025-09-19T10:41:49","158.38"
"2025-09-19T10:42:04","158.39"
"2025-09-19T10:42:19","158.38"
"2025-09-19T10:42:34","158.36"
"2025-09-19T10:42:49","158.36"
"2025-09-19T10:43:04","158.38"
"2025-09-19T10:43:20","158.39"
"2025-09-19T10:43:35","158.38"
"2025-09-19T10:43:50","158.38"
"2025-09-19T10:44:05","158.39"
"2025-09-19T10:44:20","158.39"
"2025-09-19T10:44:35","158.39"
"2025-09-19T10:44:50","158.38"
"2025-09-19T10:45:05","158.38"
"2025-09-19T10:45:20","158.36"
"2025-09-19T10:45:35","158.38"
"2025-09-19T10:45:50","158.38"
"2025-09-19T10:46:05","158.38"
"2025-09-19T10:46:20","158.36"
"2025-09-19T10:46:36","158.34"
"2025-09-19T10:46:51","158.36"
"2025-09-19T10:47:06","158.36"
"2025-09-19T10:47:21","158.36"
"2025-09-19T10:47:36","157.7"
"2025-09-19T10:47:51","157.41"
"2025-09-19T10:48:06","157.15"
"2025-09-19T10:48:21","156.86"
"2025-09-19T10:48:37","156.22"
"2025-09-19T10:48:52","154.54"
"2025-09-19T10:49:07","153.47"
"2025-09-19T10:49:30","154.23"
"2025-09-19T10:49:36","152.21"
"2025-09-19T10:49:37","149.66"
"2025-09-19T10:49:38","146.84"
"2025-09-19T10:49:38","142.79"
"2025-09-19T10:49:39","138.97"
"2025-09-19T10:49:39","135.96"
"2025-09-19T10:49:40","133.64"
"2025-09-19T10:49:41","130.34"
"2025-09-19T10:49:42","134.08"
"2025-09-19T10:49:43","137.29"
"2025-09-19T10:49:43","140.33"
"2025-09-19T10:49:44","142.96"
"2025-09-19T10:49:44","145.14"
"2025-09-19T10:49:45","148.42"
"2025-09-19T10:49:46","150.53"
"2025-09-19T10:49:48","152.73"
"2025-09-19T10:50:04","153.79"
"2025-09-19T10:50:16","151.73"
"2025-09-19T10:50:31","151.61"
"2025-09-19T10:50:46","151.77"
"2025-09-19T10:51:01","151.41"
"2025-09-19T10:51:17","151.04"
"2025-09-19T10:51:32","150.66"
"2025-09-19T10:51:47","150.27"
"2025-09-19T10:52:02","149.86"
"2025-09-19T10:52:17","149.51"
"2025-09-19T10:52:32","149.17"
"2025-09-19T10:52:47","148.78"
"2025-09-19T10:53:02","148.42"
"2025-09-19T10:53:17","148.08"
"2025-09-19T10:53:32","147.72"
"2025-09-19T10:53:47","147.37"
"2025-09-19T10:54:03","147.03"
"2025-09-19T10:54:18","146.69"
"2025-09-19T10:54:33","146.38"
"2025-09-19T10:54:48","146.02"
"2025-09-19T10:55:03","145.7"
"2025-09-19T10:55:18","145.38"
"2025-09-19T10:55:33","145.04"
"2025-09-19T10:55:48","144.71"
"2025-09-19T10:56:03","144.39"
"2025-09-19T10:56:18","144.09"
"2025-09-19T10:56:33","143.73"
"2025-09-19T10:56:48","143.39"
"2025-09-19T10:57:03","143.08"
"2025-09-19T10:57:18","142.78"
"2025-09-19T10:57:33","142.44"
"2025-09-19T10:57:48","142.11"
"2025-09-19T10:58:03","141.79"
"2025-09-19T10:58:18","141.49"
"2025-09-19T10:58:33","141.16"
"2025-09-19T10:58:48","140.84"
"2025-09-19T10:59:03","140.52"
"2025-09-19T10:59:19","140.21"
"2025-09-19T10:59:34","139.89"
"2025-09-19T10:59:49","139.6"
"2025-09-19T11:00:04","139.28"
"2025-09-19T11:00:19","138.97"
"2025-09-19T11:00:34","138.67"
"2025-09-19T11:00:49","138.34"
"2025-09-19T11:01:04","138.04"
"2025-09-19T11:01:19","137.76"
"2025-09-19T11:01:35","137.44"
"2025-09-19T11:01:50","137.14"
"2025-09-19T11:02:05","136.85"
"2025-09-19T11:02:20","136.52"
"2025-09-19T11:02:35","136.25"
"2025-09-19T11:02:50","135.95"
"2025-09-19T11:03:05","135.66"
"2025-09-19T11:03:20","135.37"
"2025-09-19T11:03:35","135.06"
"2025-09-19T11:03:50","134.77"
"2025-09-19T11:04:05","134.5"
"2025-09-19T11:04:20","134.2"
"2025-09-19T11:04:35","133.92"
"2025-09-19T11:04:50","133.64"
"2025-09-19T11:05:05","133.38"
"2025-09-19T11:05:20","133.08"
"2025-09-19T11:05:35","132.79"
"2025-09-19T11:05:50","132.51"
"2025-09-19T11:06:06","132.24"
"2025-09-19T11:06:21","131.99"
"2025-09-19T11:06:36","131.66"
"2025-09-19T11:06:51","131.41"
"2025-09-19T11:07:06","131.16"
"2025-09-19T11:07:21","130.88"
"2025-09-19T11:07:36","130.63"
"2025-09-19T11:07:51","130.34"
"2025-09-19T11:08:06","130.08"
"2025-09-19T11:08:21","129.8"
"2025-09-19T11:08:36","129.56"
"2025-09-19T11:08:51","129.3"
"2025-09-19T11:09:06","129.03"
"2025-09-19T11:09:21","128.78"
"2025-09-19T11:09:36","128.52"
"2025-09-19T11:09:51","128.27"
"2025-09-19T11:10:07","128.01"
"2025-09-19T11:10:22","127.77"
"2025-09-19T11:10:37","127.52"
"2025-09-19T11:10:52","127.26"
"2025-09-19T11:11:07","127.01"
"2025-09-19T11:11:22","126.77"
"2025-09-19T11:11:37","126.53"
"2025-09-19T11:11:52","126.28"
"2025-09-19T11:12:07","126.02"
"2025-09-19T11:12:22","125.77"
"2025-09-19T11:12:37","125.51"
"2025-09-19T11:12:52","125.28"
"2025-09-19T11:13:12","125.06"
"2025-09-19T11:13:22","124.8"
"2025-09-19T11:13:38","124.58"
"2025-09-19T11:13:53","124.34"
"2025-09-19T11:14:08","124.1"
"2025-09-19T11:14:23","123.88"
"2025-09-19T11:14:38","123.63"
"2025-09-19T11:14:53","123.39"
"2025-09-19T11:15:08","123.17"
"2025-09-19T11:15:23","122.95"
"2025-09-19T11:15:38","122.73"
"2025-09-19T11:15:53","122.49"
"2025-09-19T11:16:08","122.27"
"2025-09-19T11:16:23","122.05"
"2025-09-19T11:16:38","121.83"
"2025-09-19T11:16:53","121.61"
"2025-09-19T11:17:08","121.38"
"2025-09-19T11:17:23","121.18"
"2025-09-19T11:17:38","120.93"
"2025-09-19T11:17:53","120.72"
"2025-09-19T11:18:09","120.48"
"2025-09-19T11:18:24","120.3"
"2025-09-19T11:18:39","120.06"
"2025-09-19T11:18:54","119.86"
"2025-09-19T11:19:09","119.63"
"2025-09-19T11:19:24","119.45"
"2025-09-19T11:19:39","119.24"
"2025-09-19T11:19:54","119.04"
"2025-09-19T11:20:09","118.84"
"2025-09-19T11:20:24","118.63"
"2025-09-19T11:20:39","118.41"
"2025-09-19T11:20:54","118.21"
"2025-09-19T11:21:09","118.04"
"2025-09-19T11:21:24","117.82"
"2025-09-19T11:21:39","117.63"
"2025-09-19T11:21:54","117.44"
"2025-09-19T11:22:10","117.26"
"2025-09-19T11:22:25","117.03"
"2025-09-19T11:22:40","116.86"
"2025-09-19T11:22:55","116.64"
"2025-09-19T11:23:10","116.46"
"2025-09-19T11:23:25","116.27"
"2025-09-19T11:23:40","116.08"
"2025-09-19T11:23:55","115.91"
"2025-09-19T11:24:10","115.73"
"2025-09-19T11:24:25","115.54"
"2025-09-19T11:24:40","115.35"
"2025-09-19T11:24:55","115.17"
"2025-09-19T11:25:10","114.98"
"2025-09-19T11:25:25","114.81"
"2025-09-19T11:25:41","114.64"
"2025-09-19T11:25:56","114.45"
"2025-09-19T11:26:11","114.27"
"2025-09-19T11:26:26","114.1"
"2025-09-19T11:26:41","113.93"
"2025-09-19T11:26:56","113.76"
"2025-09-19T11:27:11","113.59"
"2025-09-19T11:27:26","113.42"
"2025-09-19T11:27:41","113.26"
"2025-09-19T11:27:56","113.08"
"2025-09-19T11:28:11","112.91"
"2025-09-19T11:28:26","112.74"
"2025-09-19T11:28:41","112.58"
"2025-09-19T11:28:56","112.38"
"2025-09-19T11:29:11","112.23"
"2025-09-19T11:29:26","112.06"
"2025-09-19T11:29:41","111.9"
"2025-09-19T11:29:56","111.73"
"2025-09-19T11:30:12","111.58"
"2025-09-19T11:30:27","111.41"
"2025-09-19T11:30:42","111.26"
"2025-09-19T11:30:57","111.1"
"2025-09-19T11:31:12","110.93"
"2025-09-19T11:31:27","110.76"
"2025-09-19T11:31:42","110.63"
"2025-09-19T11:31:57","110.46"
"2025-09-19T11:32:12","110.29"
"2025-09-19T11:32:27","110.14"
"2025-09-19T11:32:42","109.98"
"2025-09-19T11:32:57","109.83"
"2025-09-19T11:33:12","109.68"
"2025-09-19T11:33:27","109.52"
"2025-09-19T11:33:42","109.37"
"2025-09-19T11:33:57","109.2"
"2025-09-19T11:34:12","109.07"
"2025-09-19T11:34:27","108.91"
"2025-09-19T11:34:43","108.74"
"2025-09-19T11:34:58","108.61"
"2025-09-19T11:35:13","108.45"
"2025-09-19T11:35:28","108.3"
"2025-09-19T11:35:43","108.17"
"2025-09-19T11:35:58","108.01"
"2025-09-19T11:36:13","107.88"
"2025-09-19T11:36:28","107.74"
"2025-09-19T11:36:43","107.59"
"2025-09-19T11:36:58","107.43"
"2025-09-19T11:37:13","107.28"
"2025-09-19T11:37:28","107.18"
"2025-09-19T11:37:43","107.01"
"2025-09-19T11:37:58","106.87"
"2025-09-19T11:38:13","106.75"
"2025-09-19T11:38:28","106.64"
"2025-09-19T11:38:43","106.5"
"2025-09-19T11:38:58","106.36"
"2025-09-19T11:39:14","106.21"
"2025-09-19T11:39:29","106.08"
"2025-09-19T11:39:44","105.94"
"2025-09-19T11:39:59","105.8"
"2025-09-19T11:40:14","105.68"
"2025-09-19T11:40:29","105.55"
"2025-09-19T11:40:44","105.43"
"2025-09-19T11:40:59","105.28"
"2025-09-19T11:41:14","105.17"
"2025-09-19T11:41:29","105.02"
"2025-09-19T11:41:44","104.9"
"2025-09-19T11:41:59","104.77"
"2025-09-19T11:42:14","104.63"
"2025-09-19T11:42:29","104.53"
"2025-09-19T11:42:44","104.36"
"2025-09-19T11:42:59","104.26"
"2025-09-19T11:43:15","104.12"
"2025-09-19T11:43:30","103.99"
"2025-09-19T11:43:45","103.87"
"2025-09-19T11:44:00","103.78"
"2025-09-19T11:44:15","103.63"
"2025-09-19T11:44:30","103.51"
"2025-09-19T11:44:45","103.39"
"2025-09-19T11:45:00","103.27"
"2025-09-19T11:45:15","103.14"
"2025-09-19T11:45:30","103.02"
"2025-09-19T11:45:45","102.91"
"2025-09-19T11:46:00","102.81"
"2025-09-19T11:46:15","102.68"
"2025-09-19T11:46:30","102.56"
"2025-09-19T11:46:46","102.44"
"2025-09-19T11:47:01","102.32"
"2025-09-19T11:47:16","102.23"
"2025-09-19T11:47:31","102.1"
"2025-09-19T11:47:46","101.98"
"2025-09-19T11:48:01","101.88"
"2025-09-19T11:48:16","101.76"
"2025-09-19T11:48:31","101.62"
"2025-09-19T11:48:46","101.56"
"2025-09-19T11:49:01","101.44"
"2025-09-19T11:49:16","101.32"
"2025-09-19T11:49:31","101.23"
"2025-09-19T11:49:46","101.11"
"2025-09-19T11:50:01","100.99"
"2025-09-19T11:50:16","100.89"
"2025-09-19T11:50:31","100.79"
"2025-09-19T11:50:47","100.69"
"2025-09-19T11:51:02","100.57"
"2025-09-19T11:51:17","100.48"
"2025-09-19T11:51:32","100.37"
"2025-09-19T11:51:47","100.26"
"2025-09-19T11:52:02","100.18"
"2025-09-19T11:52:17","100.06"
"2025-09-19T11:52:32","99.96"
"2025-09-19T11:52:47","99.84"
"2025-09-19T11:53:02","99.77"
"2025-09-19T11:53:17","99.67"
"2025-09-19T11:53:32","99.58"
"2025-09-19T11:53:47","99.47"
"2025-09-19T11:54:03","99.36"
"2025-09-19T11:54:18","99.28"
"2025-09-19T11:54:33","99.19"
"2025-09-19T11:54:48","99.09"
"2025-09-19T11:55:03","98.99"
"2025-09-19T11:55:18","98.9"
"2025-09-19T11:55:33","98.79"
"2025-09-19T11:55:48","98.7"
"2025-09-19T11:56:04","98.62"
"2025-09-19T11:56:19","98.53"
"2025-09-19T11:56:34","98.45"
"2025-09-19T11:56:49","98.34"
"2025-09-19T11:57:04","98.26"
"2025-09-19T11:57:19","98.16"
"2025-09-19T11:57:34","98.07"
"2025-09-19T11:57:49","97.99"
"2025-09-19T11:58:04","97.89"
"2025-09-19T11:58:19","97.8"
"2025-09-19T11:58:34","97.73"
"2025-09-19T11:58:49","97.65"
"2025-09-19T11:59:04","97.55"
"2025-09-19T11:59:20","97.46"
"2025-09-19T11:59:35","97.38"
"2025-09-19T11:59:50","97.29"